Image,Class
C:/Users/edramos/OneDrive/Documentos/PostDoc-Lidia/MLOPS/Foot-Disease/dataset/train/Pie-Cavo-I-Der/WhatsApp-Image-2022-10-04-at-12-10-20-PM_jpeg.rf.2d20bb588a0281244efc0778acf83c3e.jpg,Pie-Cavo-I-Der
C:/Users/edramos/OneDrive/Documentos/PostDoc-Lidia/MLOPS/Foot-Disease/dataset/train/Pie-Cavo-I-Der/WhatsApp-Image-2022-10-04-at-12-10-20-PM_jpeg.rf.909b4596701e6fc7b556542b2000781b.jpg,Pie-Cavo-I-Der
C:/Users/edramos/OneDrive/Documentos/PostDoc-Lidia/MLOPS/Foot-Disease/dataset/train/Pie-Cavo-I-Der/WhatsApp-Image-2022-10-04-at-12-10-20-PM_jpeg.rf.e444687d8b97f4b3e4f5bbbf39994080.jpg,Pie-Cavo-I-Der
C:/Users/edramos/OneDrive/Documentos/PostDoc-Lidia/MLOPS/Foot-Disease/dataset/train/Pie-Cavo-I-Der/WhatsApp-Image-2022-10-04-at-12-19-30-PM_jpeg.rf.34b85dbd494d3cbeadd39a68d7f0b1e1.jpg,Pie-Cavo-I-Der
C:/Users/edramos/OneDrive/Documentos/PostDoc-Lidia/MLOPS/Foot-Disease/dataset/train/Pie-Cavo-I-Der/WhatsApp-Image-2022-10-04-at-12-19-30-PM_jpeg.rf.cbbb9bb7ccaf393f4547103b218f12b7.jpg,Pie-Cavo-I-Der
C:/Users/edramos/OneDrive/Documentos/PostDoc-Lidia/MLOPS/Foot-Disease/dataset/train/Pie-Cavo-I-Der/WhatsApp-Image-2022-10-04-at-12-19-30-PM_jpeg.rf.e223c0d912fba118c24249a7db01b7ea.jpg,Pie-Cavo-I-Der
C:/Users/edramos/OneDrive/Documentos/PostDoc-Lidia/MLOPS/Foot-Disease/dataset/train/Pie-Cavo-I-Der/WhatsApp-Image-2022-10-05-at-2-19-28-PM-3-_jpeg.rf.9912cbf0f66e530c07a4ff36da4776b8.jpg,Pie-Cavo-I-Der
C:/Users/edramos/OneDrive/Documentos/PostDoc-Lidia/MLOPS/Foot-Disease/dataset/train/Pie-Cavo-I-Der/WhatsApp-Image-2022-10-05-at-2-19-28-PM-3-_jpeg.rf.9d3f8a89cdf4ae5627710522ebd917f2.jpg,Pie-Cavo-I-Der
C:/Users/edramos/OneDrive/Documentos/PostDoc-Lidia/MLOPS/Foot-Disease/dataset/train/Pie-Cavo-I-Der/WhatsApp-Image-2022-10-05-at-2-19-28-PM-3-_jpeg.rf.cc65e39167ec4bbdc3ba167eee7082ca.jpg,Pie-Cavo-I-Der
C:/Users/edramos/OneDrive/Documentos/PostDoc-Lidia/MLOPS/Foot-Disease/dataset/train/Pie-Cavo-I-Der/WhatsApp-Image-2022-10-14-at-1-33-39-PM-1-_jpeg.rf.13dd2fde2430f158f92bc9fbb42115dd.jpg,Pie-Cavo-I-Der
C:/Users/edramos/OneDrive/Documentos/PostDoc-Lidia/MLOPS/Foot-Disease/dataset/train/Pie-Cavo-I-Der/WhatsApp-Image-2022-10-14-at-1-33-39-PM-1-_jpeg.rf.54da94f7054f3309aca1670a80f88ed4.jpg,Pie-Cavo-I-Der
C:/Users/edramos/OneDrive/Documentos/PostDoc-Lidia/MLOPS/Foot-Disease/dataset/train/Pie-Cavo-I-Der/WhatsApp-Image-2022-10-14-at-1-33-39-PM-1-_jpeg.rf.c5e47146ec134a796b668d97dcab1a38.jpg,Pie-Cavo-I-Der
C:/Users/edramos/OneDrive/Documentos/PostDoc-Lidia/MLOPS/Foot-Disease/dataset/train/Pie-Cavo-I-Der/WhatsApp-Image-2022-10-15-at-5-56-55-PM_jpeg.rf.7bf5165565e92744fbec348d9ba34114.jpg,Pie-Cavo-I-Der
C:/Users/edramos/OneDrive/Documentos/PostDoc-Lidia/MLOPS/Foot-Disease/dataset/train/Pie-Cavo-I-Der/WhatsApp-Image-2022-10-15-at-5-56-55-PM_jpeg.rf.88ed4a12a972457ae516e9f1f3399897.jpg,Pie-Cavo-I-Der
C:/Users/edramos/OneDrive/Documentos/PostDoc-Lidia/MLOPS/Foot-Disease/dataset/train/Pie-Cavo-I-Der/WhatsApp-Image-2022-10-15-at-5-56-55-PM_jpeg.rf.d37f9bd7a03f49f08b11d4d4ddc886b9.jpg,Pie-Cavo-I-Der
C:/Users/edramos/OneDrive/Documentos/PostDoc-Lidia/MLOPS/Foot-Disease/dataset/train/Pie-Cavo-I-Der/WhatsApp-Image-2022-10-20-at-12-21-56-PM-10-_jpeg.rf.702ec896d4fb9ffa54e3ca8340721adb.jpg,Pie-Cavo-I-Der
C:/Users/edramos/OneDrive/Documentos/PostDoc-Lidia/MLOPS/Foot-Disease/dataset/train/Pie-Cavo-I-Der/WhatsApp-Image-2022-10-20-at-12-21-56-PM-10-_jpeg.rf.9f32bc50601d311672bc8eaece8d7505.jpg,Pie-Cavo-I-Der
C:/Users/edramos/OneDrive/Documentos/PostDoc-Lidia/MLOPS/Foot-Disease/dataset/train/Pie-Cavo-I-Der/WhatsApp-Image-2022-10-20-at-12-21-56-PM-10-_jpeg.rf.b28281ddb320dc7ac21f086bc0db6c8e.jpg,Pie-Cavo-I-Der
C:/Users/edramos/OneDrive/Documentos/PostDoc-Lidia/MLOPS/Foot-Disease/dataset/train/Pie-Cavo-I-Izq/WhatsApp-Image-2022-10-04-at-12-23-35-PM_jpeg.rf.47f2e1232635213ad165cea4e4b71712.jpg,Pie-Cavo-I-Izq
C:/Users/edramos/OneDrive/Documentos/PostDoc-Lidia/MLOPS/Foot-Disease/dataset/train/Pie-Cavo-I-Izq/WhatsApp-Image-2022-10-04-at-12-23-35-PM_jpeg.rf.c052f6449737ba5ea5653dbc0073f8f1.jpg,Pie-Cavo-I-Izq
C:/Users/edramos/OneDrive/Documentos/PostDoc-Lidia/MLOPS/Foot-Disease/dataset/train/Pie-Cavo-I-Izq/WhatsApp-Image-2022-10-04-at-12-23-35-PM_jpeg.rf.cd0950d29ca7f37b06169b72f724ff26.jpg,Pie-Cavo-I-Izq
C:/Users/edramos/OneDrive/Documentos/PostDoc-Lidia/MLOPS/Foot-Disease/dataset/train/Pie-Cavo-I-Izq/WhatsApp-Image-2022-10-05-at-2-19-28-PM-4-_jpeg.rf.3031a3ba38a0786cb7b6c5a0d10c017a.jpg,Pie-Cavo-I-Izq
C:/Users/edramos/OneDrive/Documentos/PostDoc-Lidia/MLOPS/Foot-Disease/dataset/train/Pie-Cavo-I-Izq/WhatsApp-Image-2022-10-05-at-2-19-28-PM-4-_jpeg.rf.41c51347e717d13ccf0a8a6a6fc5fcf8.jpg,Pie-Cavo-I-Izq
C:/Users/edramos/OneDrive/Documentos/PostDoc-Lidia/MLOPS/Foot-Disease/dataset/train/Pie-Cavo-I-Izq/WhatsApp-Image-2022-10-05-at-2-19-28-PM-4-_jpeg.rf.e32f4dacb052b0b5ce02923ffb00df1e.jpg,Pie-Cavo-I-Izq
C:/Users/edramos/OneDrive/Documentos/PostDoc-Lidia/MLOPS/Foot-Disease/dataset/train/Pie-Cavo-I-Izq/WhatsApp-Image-2022-10-06-at-2-36-03-PM-3-_jpeg.rf.0ef8c65993dfbee7215b428a6c7fb5c4.jpg,Pie-Cavo-I-Izq
C:/Users/edramos/OneDrive/Documentos/PostDoc-Lidia/MLOPS/Foot-Disease/dataset/train/Pie-Cavo-I-Izq/WhatsApp-Image-2022-10-06-at-2-36-03-PM-3-_jpeg.rf.665e6cebfdb82c7bf68a7c5b7bb844a8.jpg,Pie-Cavo-I-Izq
C:/Users/edramos/OneDrive/Documentos/PostDoc-Lidia/MLOPS/Foot-Disease/dataset/train/Pie-Cavo-I-Izq/WhatsApp-Image-2022-10-06-at-2-36-03-PM-3-_jpeg.rf.ce3fbe40ce8235e551bf55994bc66925.jpg,Pie-Cavo-I-Izq
C:/Users/edramos/OneDrive/Documentos/PostDoc-Lidia/MLOPS/Foot-Disease/dataset/train/Pie-Cavo-I-Izq/WhatsApp-Image-2022-10-14-at-1-33-39-PM2_jpeg.rf.41bd38619aa1d87364c161851d141a34.jpg,Pie-Cavo-I-Izq
C:/Users/edramos/OneDrive/Documentos/PostDoc-Lidia/MLOPS/Foot-Disease/dataset/train/Pie-Cavo-I-Izq/WhatsApp-Image-2022-10-14-at-1-33-39-PM2_jpeg.rf.7cfc0485545c21b97766dd3cc362a01f.jpg,Pie-Cavo-I-Izq
C:/Users/edramos/OneDrive/Documentos/PostDoc-Lidia/MLOPS/Foot-Disease/dataset/train/Pie-Cavo-I-Izq/WhatsApp-Image-2022-10-14-at-1-33-39-PM2_jpeg.rf.afa17861f6d521d334f5a5dd9004be48.jpg,Pie-Cavo-I-Izq
C:/Users/edramos/OneDrive/Documentos/PostDoc-Lidia/MLOPS/Foot-Disease/dataset/train/Pie-Cavo-I-Izq/WhatsApp-Image-2022-10-14-at-3-06-01-PM-3-_jpeg.rf.136c3670ecb971f81bb0c183a0b2b235.jpg,Pie-Cavo-I-Izq
C:/Users/edramos/OneDrive/Documentos/PostDoc-Lidia/MLOPS/Foot-Disease/dataset/train/Pie-Cavo-I-Izq/WhatsApp-Image-2022-10-14-at-3-06-01-PM-3-_jpeg.rf.77968ce6f53cb775ce333cd86b07219f.jpg,Pie-Cavo-I-Izq
C:/Users/edramos/OneDrive/Documentos/PostDoc-Lidia/MLOPS/Foot-Disease/dataset/train/Pie-Cavo-I-Izq/WhatsApp-Image-2022-10-14-at-3-06-01-PM-3-_jpeg.rf.7a15fa5f0af36a9cd3fca05b0417193f.jpg,Pie-Cavo-I-Izq
C:/Users/edramos/OneDrive/Documentos/PostDoc-Lidia/MLOPS/Foot-Disease/dataset/train/Pie-Cavo-I-Izq/WhatsApp-Image-2022-10-15-at-5-12-10-PM1_jpeg.rf.4ff993bb106054bc7cd98f238c64bc14.jpg,Pie-Cavo-I-Izq
C:/Users/edramos/OneDrive/Documentos/PostDoc-Lidia/MLOPS/Foot-Disease/dataset/train/Pie-Cavo-I-Izq/WhatsApp-Image-2022-10-15-at-5-12-10-PM1_jpeg.rf.6d9519c0048c8dd27bbb2e401e832903.jpg,Pie-Cavo-I-Izq
C:/Users/edramos/OneDrive/Documentos/PostDoc-Lidia/MLOPS/Foot-Disease/dataset/train/Pie-Cavo-I-Izq/WhatsApp-Image-2022-10-15-at-5-12-10-PM1_jpeg.rf.f2e15c616e142cd9e2d84345a67d5973.jpg,Pie-Cavo-I-Izq
C:/Users/edramos/OneDrive/Documentos/PostDoc-Lidia/MLOPS/Foot-Disease/dataset/train/Pie-Cavo-I-Izq/WhatsApp-Image-2022-10-15-at-5-55-14-PM_jpeg.rf.0a589fd1e5befc031ab08bddb7361997.jpg,Pie-Cavo-I-Izq
C:/Users/edramos/OneDrive/Documentos/PostDoc-Lidia/MLOPS/Foot-Disease/dataset/train/Pie-Cavo-I-Izq/WhatsApp-Image-2022-10-15-at-5-55-14-PM_jpeg.rf.82fb2f96f9b1dc8857660727f841332d.jpg,Pie-Cavo-I-Izq
C:/Users/edramos/OneDrive/Documentos/PostDoc-Lidia/MLOPS/Foot-Disease/dataset/train/Pie-Cavo-I-Izq/WhatsApp-Image-2022-10-15-at-5-55-14-PM_jpeg.rf.92677318e9524408cfc860893e0b318b.jpg,Pie-Cavo-I-Izq
C:/Users/edramos/OneDrive/Documentos/PostDoc-Lidia/MLOPS/Foot-Disease/dataset/train/Pie-Cavo-I-Izq/WhatsApp-Image-2022-10-20-at-12-21-56-PM-9-_jpeg.rf.7ba906ff7842b7c99493149080c97cdf.jpg,Pie-Cavo-I-Izq
C:/Users/edramos/OneDrive/Documentos/PostDoc-Lidia/MLOPS/Foot-Disease/dataset/train/Pie-Cavo-I-Izq/WhatsApp-Image-2022-10-20-at-12-21-56-PM-9-_jpeg.rf.9b7d909cb970f0486c39cebd218dd036.jpg,Pie-Cavo-I-Izq
C:/Users/edramos/OneDrive/Documentos/PostDoc-Lidia/MLOPS/Foot-Disease/dataset/train/Pie-Cavo-I-Izq/WhatsApp-Image-2022-10-20-at-12-21-56-PM-9-_jpeg.rf.f29964533150be8074c05c63c9b35a93.jpg,Pie-Cavo-I-Izq
C:/Users/edramos/OneDrive/Documentos/PostDoc-Lidia/MLOPS/Foot-Disease/dataset/train/Pie-Cavo-I-Izq/WhatsApp-Image-2022-10-22-at-2-08-22-PM2_jpeg.rf.076173e216b72370baad8b3c9e853c0d.jpg,Pie-Cavo-I-Izq
C:/Users/edramos/OneDrive/Documentos/PostDoc-Lidia/MLOPS/Foot-Disease/dataset/train/Pie-Cavo-I-Izq/WhatsApp-Image-2022-10-22-at-2-08-22-PM2_jpeg.rf.0a718d770a72728ef800d20b262aee9b.jpg,Pie-Cavo-I-Izq
C:/Users/edramos/OneDrive/Documentos/PostDoc-Lidia/MLOPS/Foot-Disease/dataset/train/Pie-Cavo-I-Izq/WhatsApp-Image-2022-10-22-at-2-08-22-PM2_jpeg.rf.89177045372e03c078ea754e732e0f1c.jpg,Pie-Cavo-I-Izq
C:/Users/edramos/OneDrive/Documentos/PostDoc-Lidia/MLOPS/Foot-Disease/dataset/train/Pie-Cavo-II-Der/WhatsApp-Image-2022-10-08-at-9-37-37-PM_jpeg.rf.29f7f41fcf819aaaab2d0ae13c654a6e.jpg,Pie-Cavo-II-Der
C:/Users/edramos/OneDrive/Documentos/PostDoc-Lidia/MLOPS/Foot-Disease/dataset/train/Pie-Cavo-II-Der/WhatsApp-Image-2022-10-08-at-9-37-37-PM_jpeg.rf.5a5e7cd14f6b7733d97c2678451f4dcd.jpg,Pie-Cavo-II-Der
C:/Users/edramos/OneDrive/Documentos/PostDoc-Lidia/MLOPS/Foot-Disease/dataset/train/Pie-Cavo-II-Der/WhatsApp-Image-2022-10-08-at-9-37-37-PM_jpeg.rf.de5baaf91f9a1331b1ff8f76f37e018c.jpg,Pie-Cavo-II-Der
C:/Users/edramos/OneDrive/Documentos/PostDoc-Lidia/MLOPS/Foot-Disease/dataset/train/Pie-Cavo-II-Der/WhatsApp-Image-2022-10-10-at-3-33-45-PM-1-_jpeg.rf.501e541dc5e43e92f0d425a5e8193d2d.jpg,Pie-Cavo-II-Der
C:/Users/edramos/OneDrive/Documentos/PostDoc-Lidia/MLOPS/Foot-Disease/dataset/train/Pie-Cavo-II-Der/WhatsApp-Image-2022-10-10-at-3-33-45-PM-1-_jpeg.rf.6752eddc1bccc7a94d8d374548c7e3f6.jpg,Pie-Cavo-II-Der
C:/Users/edramos/OneDrive/Documentos/PostDoc-Lidia/MLOPS/Foot-Disease/dataset/train/Pie-Cavo-II-Der/WhatsApp-Image-2022-10-10-at-3-33-45-PM-1-_jpeg.rf.e9af6703b29b2c6700c45afe42b58005.jpg,Pie-Cavo-II-Der
C:/Users/edramos/OneDrive/Documentos/PostDoc-Lidia/MLOPS/Foot-Disease/dataset/train/Pie-Cavo-II-Der/WhatsApp-Image-2022-10-10-at-4-04-27-PM_jpeg.rf.247a386e7de5cccb54a514f30e8db201.jpg,Pie-Cavo-II-Der
C:/Users/edramos/OneDrive/Documentos/PostDoc-Lidia/MLOPS/Foot-Disease/dataset/train/Pie-Cavo-II-Der/WhatsApp-Image-2022-10-10-at-4-04-27-PM_jpeg.rf.903ba09fe1fa683cc6121ab7ed076cd1.jpg,Pie-Cavo-II-Der
C:/Users/edramos/OneDrive/Documentos/PostDoc-Lidia/MLOPS/Foot-Disease/dataset/train/Pie-Cavo-II-Der/WhatsApp-Image-2022-10-10-at-4-04-27-PM_jpeg.rf.ac07b04eb101ccdd5d748b1eaf586c32.jpg,Pie-Cavo-II-Der
C:/Users/edramos/OneDrive/Documentos/PostDoc-Lidia/MLOPS/Foot-Disease/dataset/train/Pie-Cavo-II-Der/WhatsApp-Image-2022-10-11-at-2-15-09-PM_jpeg.rf.22a3e1dcf067f9d2edf546c92bb60af4.jpg,Pie-Cavo-II-Der
C:/Users/edramos/OneDrive/Documentos/PostDoc-Lidia/MLOPS/Foot-Disease/dataset/train/Pie-Cavo-II-Der/WhatsApp-Image-2022-10-11-at-2-15-09-PM_jpeg.rf.68a9505b91979925cb3136956613908b.jpg,Pie-Cavo-II-Der
C:/Users/edramos/OneDrive/Documentos/PostDoc-Lidia/MLOPS/Foot-Disease/dataset/train/Pie-Cavo-II-Der/WhatsApp-Image-2022-10-11-at-2-15-09-PM_jpeg.rf.9c7073f34f5b24187b4acf94f093b47e.jpg,Pie-Cavo-II-Der
C:/Users/edramos/OneDrive/Documentos/PostDoc-Lidia/MLOPS/Foot-Disease/dataset/train/Pie-Cavo-II-Der/WhatsApp-Image-2022-10-11-at-2-23-11-PM2_jpeg.rf.10e4d89c0ceeeaf2b30357b02094f8e3.jpg,Pie-Cavo-II-Der
C:/Users/edramos/OneDrive/Documentos/PostDoc-Lidia/MLOPS/Foot-Disease/dataset/train/Pie-Cavo-II-Der/WhatsApp-Image-2022-10-11-at-2-23-11-PM2_jpeg.rf.387a73cdc7dae82edc34ff4992b48b8f.jpg,Pie-Cavo-II-Der
C:/Users/edramos/OneDrive/Documentos/PostDoc-Lidia/MLOPS/Foot-Disease/dataset/train/Pie-Cavo-II-Der/WhatsApp-Image-2022-10-11-at-2-23-11-PM2_jpeg.rf.d36d68bc1eb3ed3f4d49563634eeced1.jpg,Pie-Cavo-II-Der
C:/Users/edramos/OneDrive/Documentos/PostDoc-Lidia/MLOPS/Foot-Disease/dataset/train/Pie-Cavo-II-Der/WhatsApp-Image-2022-10-15-at-5-14-00-PM_jpeg.rf.0732e0820982a441b548cd6c55e8ee0f.jpg,Pie-Cavo-II-Der
C:/Users/edramos/OneDrive/Documentos/PostDoc-Lidia/MLOPS/Foot-Disease/dataset/train/Pie-Cavo-II-Der/WhatsApp-Image-2022-10-15-at-5-14-00-PM_jpeg.rf.45c79f21d5764f67782fc8cdc7b6005c.jpg,Pie-Cavo-II-Der
C:/Users/edramos/OneDrive/Documentos/PostDoc-Lidia/MLOPS/Foot-Disease/dataset/train/Pie-Cavo-II-Der/WhatsApp-Image-2022-10-15-at-5-14-00-PM_jpeg.rf.a9890e43453038008d00aaf39f8a6628.jpg,Pie-Cavo-II-Der
C:/Users/edramos/OneDrive/Documentos/PostDoc-Lidia/MLOPS/Foot-Disease/dataset/train/Pie-Cavo-II-Izq/WhatsApp-Image-2022-10-08-at-9-37-51-PM_jpeg.rf.02d2fc43741618a643eb65cd1a3a3124.jpg,Pie-Cavo-II-Izq
C:/Users/edramos/OneDrive/Documentos/PostDoc-Lidia/MLOPS/Foot-Disease/dataset/train/Pie-Cavo-II-Izq/WhatsApp-Image-2022-10-08-at-9-37-51-PM_jpeg.rf.2ce23c26c17b828db0bb2e882e028012.jpg,Pie-Cavo-II-Izq
C:/Users/edramos/OneDrive/Documentos/PostDoc-Lidia/MLOPS/Foot-Disease/dataset/train/Pie-Cavo-II-Izq/WhatsApp-Image-2022-10-08-at-9-37-51-PM_jpeg.rf.f6d040cd9716a873f103c0028d198233.jpg,Pie-Cavo-II-Izq
C:/Users/edramos/OneDrive/Documentos/PostDoc-Lidia/MLOPS/Foot-Disease/dataset/train/Pie-Cavo-II-Izq/WhatsApp-Image-2022-10-10-at-3-33-45-PM_jpeg.rf.8042b1c98a5459d3d1c3229d952b0144.jpg,Pie-Cavo-II-Izq
C:/Users/edramos/OneDrive/Documentos/PostDoc-Lidia/MLOPS/Foot-Disease/dataset/train/Pie-Cavo-II-Izq/WhatsApp-Image-2022-10-10-at-3-33-45-PM_jpeg.rf.d1e00ab5a602d2158f5350b8abd326af.jpg,Pie-Cavo-II-Izq
C:/Users/edramos/OneDrive/Documentos/PostDoc-Lidia/MLOPS/Foot-Disease/dataset/train/Pie-Cavo-II-Izq/WhatsApp-Image-2022-10-10-at-3-33-45-PM_jpeg.rf.f928ccdcc946605c325ae572bb339abf.jpg,Pie-Cavo-II-Izq
C:/Users/edramos/OneDrive/Documentos/PostDoc-Lidia/MLOPS/Foot-Disease/dataset/train/Pie-Cavo-II-Izq/WhatsApp-Image-2022-10-10-at-4-04-26-PM-3-_jpeg.rf.37b607b75de9af1fa67a2b212136775e.jpg,Pie-Cavo-II-Izq
C:/Users/edramos/OneDrive/Documentos/PostDoc-Lidia/MLOPS/Foot-Disease/dataset/train/Pie-Cavo-II-Izq/WhatsApp-Image-2022-10-10-at-4-04-26-PM-3-_jpeg.rf.546a5bbba9f4ba32835da9d7528ab195.jpg,Pie-Cavo-II-Izq
C:/Users/edramos/OneDrive/Documentos/PostDoc-Lidia/MLOPS/Foot-Disease/dataset/train/Pie-Cavo-II-Izq/WhatsApp-Image-2022-10-10-at-4-04-26-PM-3-_jpeg.rf.7cec8daf4fe766f6251f40d3a39ae560.jpg,Pie-Cavo-II-Izq
C:/Users/edramos/OneDrive/Documentos/PostDoc-Lidia/MLOPS/Foot-Disease/dataset/train/Pie-Cavo-II-Izq/WhatsApp-Image-2022-10-11-at-2-23-11-PM3_jpeg.rf.4ab8fca32e00cba90ba8aa6cfdb6e9ed.jpg,Pie-Cavo-II-Izq
C:/Users/edramos/OneDrive/Documentos/PostDoc-Lidia/MLOPS/Foot-Disease/dataset/train/Pie-Cavo-II-Izq/WhatsApp-Image-2022-10-11-at-2-23-11-PM3_jpeg.rf.52d0407c83febf51ceab5af474c51537.jpg,Pie-Cavo-II-Izq
C:/Users/edramos/OneDrive/Documentos/PostDoc-Lidia/MLOPS/Foot-Disease/dataset/train/Pie-Cavo-II-Izq/WhatsApp-Image-2022-10-11-at-2-23-11-PM3_jpeg.rf.55c25210f00426b96c55160798c7639c.jpg,Pie-Cavo-II-Izq
C:/Users/edramos/OneDrive/Documentos/PostDoc-Lidia/MLOPS/Foot-Disease/dataset/train/Pie-Cavo-II-Izq/WhatsApp-Image-2022-10-11-at-2-30-45-PM_jpeg.rf.31c542359eef8cc8d8c332864c21fefb.jpg,Pie-Cavo-II-Izq
C:/Users/edramos/OneDrive/Documentos/PostDoc-Lidia/MLOPS/Foot-Disease/dataset/train/Pie-Cavo-II-Izq/WhatsApp-Image-2022-10-11-at-2-30-45-PM_jpeg.rf.3829f95e78673a90683b26cb9d6d023e.jpg,Pie-Cavo-II-Izq
C:/Users/edramos/OneDrive/Documentos/PostDoc-Lidia/MLOPS/Foot-Disease/dataset/train/Pie-Cavo-II-Izq/WhatsApp-Image-2022-10-11-at-2-30-45-PM_jpeg.rf.72d79f23011c8d5fe020a6b2d4e0b2a4.jpg,Pie-Cavo-II-Izq
C:/Users/edramos/OneDrive/Documentos/PostDoc-Lidia/MLOPS/Foot-Disease/dataset/train/Pie-Cavo-II-Izq/WhatsApp-Image-2022-10-15-at-5-13-44-PM_jpeg.rf.0a72355ef69c77f5b69f8f3ecf8ef65e.jpg,Pie-Cavo-II-Izq
C:/Users/edramos/OneDrive/Documentos/PostDoc-Lidia/MLOPS/Foot-Disease/dataset/train/Pie-Cavo-II-Izq/WhatsApp-Image-2022-10-15-at-5-13-44-PM_jpeg.rf.a7d2dc0477e98b38142975264ed9ff2b.jpg,Pie-Cavo-II-Izq
C:/Users/edramos/OneDrive/Documentos/PostDoc-Lidia/MLOPS/Foot-Disease/dataset/train/Pie-Cavo-II-Izq/WhatsApp-Image-2022-10-15-at-5-13-44-PM_jpeg.rf.d9e0870d6e92f9035d4ec04344f470c3.jpg,Pie-Cavo-II-Izq
C:/Users/edramos/OneDrive/Documentos/PostDoc-Lidia/MLOPS/Foot-Disease/dataset/train/Pie-Normal-Der/WhatsApp-Image-2022-10-05-at-3-59-39-PM-2-_jpeg.rf.e8cb7da9be456da350efe69c5f5b4cc7.jpg,Pie-Normal-Der
C:/Users/edramos/OneDrive/Documentos/PostDoc-Lidia/MLOPS/Foot-Disease/dataset/train/Pie-Normal-Der/WhatsApp-Image-2022-10-06-at-10-49-13-PM-3-_jpeg.rf.62043d2c81ba80e0370b043d09411dd4.jpg,Pie-Normal-Der
C:/Users/edramos/OneDrive/Documentos/PostDoc-Lidia/MLOPS/Foot-Disease/dataset/train/Pie-Normal-Der/WhatsApp-Image-2022-10-06-at-10-49-13-PM-3-_jpeg.rf.8b1330c8f14f70a98a496ac24659cbcd.jpg,Pie-Normal-Der
C:/Users/edramos/OneDrive/Documentos/PostDoc-Lidia/MLOPS/Foot-Disease/dataset/train/Pie-Normal-Der/WhatsApp-Image-2022-10-06-at-10-49-13-PM-3-_jpeg.rf.c9c3ff73f98dec2cf2898b2e0084edc6.jpg,Pie-Normal-Der
C:/Users/edramos/OneDrive/Documentos/PostDoc-Lidia/MLOPS/Foot-Disease/dataset/train/Pie-Normal-Der/WhatsApp-Image-2022-10-06-at-2-36-03-PM-2-_jpeg.rf.0ad3ec02e1f063636225b1a2683fc199.jpg,Pie-Normal-Der
C:/Users/edramos/OneDrive/Documentos/PostDoc-Lidia/MLOPS/Foot-Disease/dataset/train/Pie-Normal-Der/WhatsApp-Image-2022-10-06-at-2-36-03-PM-2-_jpeg.rf.6276cb11f81d6155d66384008a58fbd5.jpg,Pie-Normal-Der
C:/Users/edramos/OneDrive/Documentos/PostDoc-Lidia/MLOPS/Foot-Disease/dataset/train/Pie-Normal-Der/WhatsApp-Image-2022-10-06-at-2-36-03-PM-2-_jpeg.rf.f639f469d89e62639ce5b7779ace4e63.jpg,Pie-Normal-Der
C:/Users/edramos/OneDrive/Documentos/PostDoc-Lidia/MLOPS/Foot-Disease/dataset/train/Pie-Normal-Der/WhatsApp-Image-2022-10-07-at-7-17-38-PM_jpeg.rf.c569dd79252bc5ea992323dc54306401.jpg,Pie-Normal-Der
C:/Users/edramos/OneDrive/Documentos/PostDoc-Lidia/MLOPS/Foot-Disease/dataset/train/Pie-Normal-Der/WhatsApp-Image-2022-10-07-at-7-17-38-PM_jpeg.rf.e6168bb57821942c3a023624971fad82.jpg,Pie-Normal-Der
C:/Users/edramos/OneDrive/Documentos/PostDoc-Lidia/MLOPS/Foot-Disease/dataset/train/Pie-Normal-Der/WhatsApp-Image-2022-10-07-at-7-17-38-PM_jpeg.rf.f51a4c7df69fbd9c8971c6b8953484e4.jpg,Pie-Normal-Der
C:/Users/edramos/OneDrive/Documentos/PostDoc-Lidia/MLOPS/Foot-Disease/dataset/train/Pie-Normal-Der/WhatsApp-Image-2022-10-11-at-3-06-51-PM-4-_jpeg.rf.43f79946254f8b1a0d0a48c5cda08879.jpg,Pie-Normal-Der
C:/Users/edramos/OneDrive/Documentos/PostDoc-Lidia/MLOPS/Foot-Disease/dataset/train/Pie-Normal-Der/WhatsApp-Image-2022-10-11-at-3-06-51-PM-4-_jpeg.rf.ea8ea353aef2716d9f9c1f7eb6f9688b.jpg,Pie-Normal-Der
C:/Users/edramos/OneDrive/Documentos/PostDoc-Lidia/MLOPS/Foot-Disease/dataset/train/Pie-Normal-Der/WhatsApp-Image-2022-10-11-at-3-06-51-PM-4-_jpeg.rf.ed56288e6bf039ebc6a8d69cd8041a6f.jpg,Pie-Normal-Der
C:/Users/edramos/OneDrive/Documentos/PostDoc-Lidia/MLOPS/Foot-Disease/dataset/train/Pie-Normal-Der/WhatsApp-Image-2022-10-18-at-4-38-38-PM_jpeg.rf.146b782c2b3b91d9183b8bef121d11ea.jpg,Pie-Normal-Der
C:/Users/edramos/OneDrive/Documentos/PostDoc-Lidia/MLOPS/Foot-Disease/dataset/train/Pie-Normal-Der/WhatsApp-Image-2022-10-18-at-4-38-38-PM_jpeg.rf.24b3864bfab1da776f03e0b8c6b0b89a.jpg,Pie-Normal-Der
C:/Users/edramos/OneDrive/Documentos/PostDoc-Lidia/MLOPS/Foot-Disease/dataset/train/Pie-Normal-Der/WhatsApp-Image-2022-10-18-at-4-38-38-PM_jpeg.rf.4f37ceadb8b0af6e6f6317f10d9faa74.jpg,Pie-Normal-Der
C:/Users/edramos/OneDrive/Documentos/PostDoc-Lidia/MLOPS/Foot-Disease/dataset/train/Pie-Normal-Der/WhatsApp-Image-2022-10-18-at-4-38-39-PM-3-_jpeg.rf.3598eca97b5ffed3591cd798ba1714dd.jpg,Pie-Normal-Der
C:/Users/edramos/OneDrive/Documentos/PostDoc-Lidia/MLOPS/Foot-Disease/dataset/train/Pie-Normal-Der/WhatsApp-Image-2022-10-18-at-4-38-39-PM-3-_jpeg.rf.84b8a89b1834ecce7ddc2710353057d0.jpg,Pie-Normal-Der
C:/Users/edramos/OneDrive/Documentos/PostDoc-Lidia/MLOPS/Foot-Disease/dataset/train/Pie-Normal-Der/WhatsApp-Image-2022-10-18-at-4-38-39-PM-3-_jpeg.rf.f84648f0ea62784fcfde2024529729ea.jpg,Pie-Normal-Der
C:/Users/edramos/OneDrive/Documentos/PostDoc-Lidia/MLOPS/Foot-Disease/dataset/train/Pie-Normal-Der/WhatsApp-Image-2022-10-21-at-6-02-18-PM-3-2_jpeg.rf.05dbd2a188d8ef509e15e5b02f37e1bf.jpg,Pie-Normal-Der
C:/Users/edramos/OneDrive/Documentos/PostDoc-Lidia/MLOPS/Foot-Disease/dataset/train/Pie-Normal-Der/WhatsApp-Image-2022-10-21-at-6-02-18-PM-3-2_jpeg.rf.c655d99ef9be9f3d1955d5dd8b193230.jpg,Pie-Normal-Der
C:/Users/edramos/OneDrive/Documentos/PostDoc-Lidia/MLOPS/Foot-Disease/dataset/train/Pie-Normal-Der/WhatsApp-Image-2022-10-21-at-6-02-18-PM-3-2_jpeg.rf.caa721e71192adab7082feac9a0f655d.jpg,Pie-Normal-Der
C:/Users/edramos/OneDrive/Documentos/PostDoc-Lidia/MLOPS/Foot-Disease/dataset/train/Pie-Normal-Izq/WhatsApp-Image-2022-10-18-at-4-38-38-PM-1-_jpeg.rf.889deb4d77930b454ae88d18fa8c4f62.jpg,Pie-Normal-Izq
C:/Users/edramos/OneDrive/Documentos/PostDoc-Lidia/MLOPS/Foot-Disease/dataset/train/Pie-Normal-Izq/WhatsApp-Image-2022-10-18-at-4-38-38-PM-1-_jpeg.rf.8f3b0fe8aa91c568c37455bb0271b24a.jpg,Pie-Normal-Izq
C:/Users/edramos/OneDrive/Documentos/PostDoc-Lidia/MLOPS/Foot-Disease/dataset/train/Pie-Normal-Izq/WhatsApp-Image-2022-10-18-at-4-38-38-PM-1-_jpeg.rf.e1b39af1a37862fa90ba9c93fe49ff16.jpg,Pie-Normal-Izq
C:/Users/edramos/OneDrive/Documentos/PostDoc-Lidia/MLOPS/Foot-Disease/dataset/train/Pie-Normal-Izq/WhatsApp-Image-2022-10-20-at-1-26-55-PM-1-_jpeg.rf.72327ee364ce3af3a9197d18c994f8fa.jpg,Pie-Normal-Izq
C:/Users/edramos/OneDrive/Documentos/PostDoc-Lidia/MLOPS/Foot-Disease/dataset/train/Pie-Normal-Izq/WhatsApp-Image-2022-10-20-at-1-26-55-PM-1-_jpeg.rf.dd58aedaaa27c13a1ce0c1a63830584c.jpg,Pie-Normal-Izq
C:/Users/edramos/OneDrive/Documentos/PostDoc-Lidia/MLOPS/Foot-Disease/dataset/train/Pie-Normal-Izq/WhatsApp-Image-2022-10-20-at-1-26-55-PM-1-_jpeg.rf.e30160eb20e71fe077d16db394089b0a.jpg,Pie-Normal-Izq
C:/Users/edramos/OneDrive/Documentos/PostDoc-Lidia/MLOPS/Foot-Disease/dataset/train/Pie-Normal-Izq/WhatsApp-Image-2022-10-21-at-6-02-20-PM2_jpeg.rf.5580138d415394bc732e64ff346563df.jpg,Pie-Normal-Izq
C:/Users/edramos/OneDrive/Documentos/PostDoc-Lidia/MLOPS/Foot-Disease/dataset/train/Pie-Normal-Izq/WhatsApp-Image-2022-10-21-at-6-02-20-PM2_jpeg.rf.69002dff0f6e7fa8984f147929d01a09.jpg,Pie-Normal-Izq
C:/Users/edramos/OneDrive/Documentos/PostDoc-Lidia/MLOPS/Foot-Disease/dataset/train/Pie-Normal-Izq/WhatsApp-Image-2022-10-21-at-6-02-20-PM2_jpeg.rf.fa15e21332bd43662cc6d767ea1da320.jpg,Pie-Normal-Izq
